dataset,model,accuracy,precision,recall,f1,auc,threshold,num_samples,num_anomalies_true,num_anomalies_pred
complete,Random Forest,0.907051282051282,0.018072289156626505,0.015957446808510637,0.01694915254237288,0.5034269320058398,0.3195303803661142,3744,188,166
complete,XGBoost,0.9260149572649573,0.01098901098901099,0.005319148936170213,0.007168458781362007,0.5201322906445205,0.3605524003505707,3744,188,91
complete,SVC,0.8621794871794872,0.04945054945054945,0.09574468085106383,0.06521739130434782,0.5261948639398799,0.07024704086801756,3744,188,364
complete,Logistic Regression,0.18055555555555555,0.05084217092950717,0.8670212765957447,0.09605185621685328,0.475469987794079,0.1901984991914653,3744,188,3206
