dataset,model,accuracy,precision,recall,f1,auc,threshold,num_samples,num_anomalies_true,num_anomalies_pred
complete,Random Forest,0.9123931623931624,0.04216867469879518,0.03977272727272727,0.04093567251461988,0.563340807174888,0.3195303803661142,3744,176,166
complete,XGBoost,0.9313568376068376,0.054945054945054944,0.028409090909090908,0.03745318352059925,0.596793148695475,0.3605524003505707,3744,176,91
complete,SVC,0.8643162393162394,0.04395604395604396,0.09090909090909091,0.05925925925925926,0.5309633611903791,0.07024704086801756,3744,176,364
complete,Logistic Regression,0.17094017094017094,0.04335620711166563,0.7897727272727273,0.08219988172678888,0.44339679728903386,0.1901984991914653,3744,176,3206
