dataset,model,accuracy,precision,recall,f1,auc,threshold,num_samples,num_anomalies_true,num_anomalies_pred
complete,Random Forest,0.9345619658119658,0.3114754098360656,0.32386363636363635,0.31754874651810583,0.7066426951691805,0.24561411664556787,3744,176,183
complete,XGBoost,0.9529914529914529,0.0,0.0,0.0,0.6979591316754995,0.8864691853523254,3744,176,0
complete,SVC,0.9529914529914529,0.0,0.0,0.0,0.5039158046269874,0.06962021237450947,3744,176,0
complete,Logistic Regression,0.9529914529914529,0.0,0.0,0.0,0.6317726380962088,0.9984027962745589,3744,176,0
