dataset,model,accuracy,precision,recall,f1,auc,threshold,num_samples,num_anomalies_true,num_anomalies_pred
complete,Random Forest,0.9262820512820513,0.08771929824561403,0.1111111111111111,0.09803921568627451,0.5499522797943412,0.2828440821865113,3744,135,171
complete,XGBoost,0.9535256410256411,0.046511627906976744,0.014814814814814815,0.02247191011235955,0.5969007522346398,0.371370404958725,3744,135,43
complete,SVC,0.5686431623931624,0.04151177199504337,0.4962962962962963,0.07661520869068039,0.5415247888509179,0.021985979557185245,3744,135,1614
complete,Logistic Regression,0.8319978632478633,0.02131782945736434,0.08148148148148149,0.03379416282642089,0.46981517399915845,0.07212340291004678,3744,135,516
