dataset,model,accuracy,precision,recall,f1,auc,threshold,num_samples,num_anomalies_true,num_anomalies_pred
complete,Random Forest,0.9262820512820513,0.21264367816091953,0.21022727272727273,0.21142857142857144,0.7106731553200163,0.27135652180300185,3744,176,174
complete,XGBoost,0.9318910256410257,0.1937984496124031,0.14204545454545456,0.16393442622950818,0.6979591316754995,0.13840726017951965,3744,176,129
complete,SVC,0.6028311965811965,0.041287613715885234,0.3352272727272727,0.0735202492211838,0.5039158046269874,0.02353257540657007,3744,176,1429
complete,Logistic Regression,0.7582799145299145,0.08998875140607424,0.45454545454545453,0.15023474178403756,0.6317726380962088,0.21881907803896677,3744,176,889
