dataset,model,accuracy,precision,recall,f1,auc,threshold,num_samples,num_anomalies_true,num_anomalies_pred
complete,Random Forest,0.9497863247863247,0.05084745762711865,0.022222222222222223,0.030927835051546393,0.5411019775663721,0.32650348654186667,3744,135,59
complete,XGBoost,0.9535256410256411,0.046511627906976744,0.014814814814814815,0.02247191011235955,0.5969007522346398,0.371370404958725,3744,135,43
complete,SVC,0.5686431623931624,0.04151177199504337,0.4962962962962963,0.07661520869068039,0.5415247888509179,0.022453810789272742,3744,135,1614
complete,Logistic Regression,0.8319978632478633,0.02131782945736434,0.08148148148148149,0.03379416282642089,0.4698131215171947,0.07212352288038397,3744,135,516
